source_file,nx,ny,nz,nRaySPECT,coneMethod,implementation,projector_type,OSEM,nIter,nSubsets,subset_type,nProjections, ntime
nema1,128,128,128,1,3,4,1,1,2,8,3,64,0.756616
nema1,128,128,128,1,3,4,1,1,2,8,3,64,0.733661
nema1,128,128,128,1,3,4,1,1,2,8,3,64,0.770940
nema1,128,128,128,1,3,4,1,1,2,8,3,64,0.774843
nema1,128,128,128,1,3,4,1,1,2,8,3,64,0.730904
nema1,128,128,128,1,3,4,1,1,2,8,3,64,0.729936
nema1,128,128,128,1,3,4,1,1,2,8,3,64,0.734354
nema1,128,128,128,1,3,4,1,1,2,8,3,64,0.730075
nema1,128,128,128,1,3,4,1,1,2,8,3,64,0.732014
nema1,128,128,128,1,3,4,1,1,2,8,3,64,0.746633
nema1,128,128,128,1,3,4,1,1,2,8,3,64,0.756892
nema1,128,128,128,1,3,4,1,1,2,8,3,64,0.736401
nema1,128,128,128,1,3,4,1,1,2,8,3,64,0.737255
nema1,128,128,128,1,3,4,1,1,2,8,3,64,0.739659
nema1,128,128,128,1,3,4,1,1,2,8,3,64,0.747229
nema1,128,128,128,1,3,4,1,1,2,8,3,64,0.744333
nema1,128,128,128,1,3,4,1,1,2,8,3,64,0.754167
nema1,128,128,128,1,3,4,1,1,2,8,3,64,0.758300
nema1,128,128,128,1,3,4,1,1,2,8,3,64,0.764711
nema1,128,128,128,1,3,4,1,1,2,8,3,64,0.729537
nema1,128,128,128,1,3,4,1,1,2,8,3,64,0.764697
nema1,128,128,128,1,3,4,1,1,2,8,3,64,0.727670
nema1,128,128,128,1,3,4,1,1,2,8,3,64,0.755008
nema1,128,128,128,1,3,4,1,1,2,8,3,64,0.737005
nema1,128,128,128,1,3,4,1,1,2,8,3,64,0.753605
nema1,128,128,128,1,3,4,1,1,2,8,3,64,0.741623
nema1,128,128,128,1,3,4,1,1,2,8,3,64,0.740788
nema1,128,128,128,1,3,4,1,1,2,8,3,64,0.753272
nema1,128,128,128,1,3,4,1,1,2,8,3,64,0.766708
nema1,128,128,128,1,3,4,1,1,2,8,3,64,0.750916
nema1,128,128,128,1,3,4,1,1,2,8,3,64,0.761569
nema1,128,128,128,1,3,4,1,1,2,8,3,64,0.746752
nema1,128,128,128,1,3,4,1,1,2,8,3,64,0.759446
nema1,128,128,128,1,3,4,1,1,2,8,3,64,0.737783
nema1,128,128,128,1,3,4,1,1,2,8,3,64,0.753785
nema1,128,128,128,1,3,4,1,1,2,8,3,64,0.757059
nema1,128,128,128,1,3,4,1,1,2,8,3,64,0.767269
nema1,128,128,128,1,3,4,1,1,2,8,3,64,0.772577
nema1,128,128,128,1,3,4,1,1,2,8,3,64,0.743372
nema1,128,128,128,1,3,4,1,1,2,8,3,64,0.755014
nema1,128,128,128,1,3,4,1,1,2,8,3,64,0.774753
nema1,128,128,128,1,3,4,1,1,2,8,3,64,0.759403
nema1,128,128,128,1,3,4,1,1,2,8,3,64,0.750054
nema1,128,128,128,1,3,4,1,1,2,8,3,64,0.742703
nema1,128,128,128,1,3,4,1,1,2,8,3,64,0.765530
nema1,128,128,128,1,3,4,1,1,2,8,3,64,0.749267
nema1,128,128,128,1,3,4,1,1,2,8,3,64,0.751850
nema1,128,128,128,1,3,4,1,1,2,8,3,64,0.761275
nema1,128,128,128,1,3,4,1,1,2,8,3,64,0.730298
nema1,128,128,128,1,3,4,1,1,2,8,3,64,0.753869
nema1,128,128,128,1,3,4,1,1,2,8,3,64,0.774487
nema1,128,128,128,1,3,4,1,1,2,8,3,64,0.741274
nema1,128,128,128,1,3,4,1,1,2,8,3,64,0.752577
nema1,128,128,128,1,3,4,1,1,2,8,3,64,0.744378
nema1,128,128,128,1,3,4,1,1,2,8,3,64,0.808407
nema1,128,128,128,1,3,4,1,1,2,8,3,64,0.744428
nema1,128,128,128,1,3,4,1,1,2,8,3,64,0.752117
nema1,128,128,128,1,3,4,1,1,2,8,3,64,0.744851
nema1,128,128,128,1,3,4,1,1,2,8,3,64,0.760052
nema1,128,128,128,1,3,4,1,1,2,8,3,64,0.769001
nema1,128,128,128,1,3,4,1,1,2,8,3,64,0.747588
nema1,128,128,128,1,3,4,1,1,2,8,3,64,0.751163
nema1,128,128,128,1,3,4,1,1,2,8,3,64,0.746766
nema1,128,128,128,1,3,4,1,1,2,8,3,64,0.757265
nema1,128,128,128,1,3,4,1,1,2,8,3,64,0.771885
nema1,128,128,128,1,3,4,1,1,2,8,3,64,0.718110
nema1,128,128,128,1,3,4,1,1,2,8,3,64,0.770134
nema1,128,128,128,1,3,4,1,1,2,8,3,64,0.742755
nema1,128,128,128,1,3,4,1,1,2,8,3,64,0.750324
nema1,128,128,128,1,3,4,1,1,2,8,3,64,0.727548
nema1,128,128,128,1,3,4,1,1,2,8,3,64,0.745429
nema1,128,128,128,1,3,4,1,1,2,8,3,64,0.745423
nema1,128,128,128,1,3,4,1,1,2,8,3,64,0.749077
nema1,128,128,128,1,3,4,1,1,2,8,3,64,0.752871
nema1,128,128,128,1,3,4,1,1,2,8,3,64,0.748896
nema1,128,128,128,1,3,4,1,1,2,8,3,64,0.734270
nema1,128,128,128,1,3,4,1,1,2,8,3,64,0.762042
nema1,128,128,128,1,3,4,1,1,2,8,3,64,0.772943
nema1,128,128,128,1,3,4,1,1,2,8,3,64,0.751218
nema1,128,128,128,1,3,4,1,1,2,8,3,64,0.743411
nema1,128,128,128,1,3,4,1,1,2,8,3,64,0.735545
nema1,128,128,128,1,3,4,1,1,2,8,3,64,0.733495
nema1,128,128,128,1,3,4,1,1,2,8,3,64,0.731512
nema1,128,128,128,1,3,4,1,1,2,8,3,64,0.736994
nema1,128,128,128,1,3,4,1,1,2,8,3,64,0.771968
nema1,128,128,128,1,3,4,1,1,2,8,3,64,0.741890
nema1,128,128,128,1,3,4,1,1,2,8,3,64,0.769952
nema1,128,128,128,1,3,4,1,1,2,8,3,64,0.747879
nema1,128,128,128,1,3,4,1,1,2,8,3,64,0.773794
nema1,128,128,128,1,3,4,1,1,2,8,3,64,0.756733
nema1,128,128,128,1,3,4,1,1,2,8,3,64,0.762584
nema1,128,128,128,1,3,4,1,1,2,8,3,64,0.743889
nema1,128,128,128,1,3,4,1,1,2,8,3,64,0.733895
nema1,128,128,128,1,3,4,1,1,2,8,3,64,0.727013
nema1,128,128,128,1,3,4,1,1,2,8,3,64,0.736090
nema1,128,128,128,1,3,4,1,1,2,8,3,64,0.737827
nema1,128,128,128,1,3,4,1,1,2,8,3,64,0.753485
nema1,128,128,128,1,3,4,1,1,2,8,3,64,0.734031
nema1,128,128,128,1,3,4,1,1,2,8,3,64,0.736677
nema1,128,128,128,1,3,4,1,1,2,8,3,64,0.733140
nema1,128,128,128,4,3,4,1,1,2,8,3,64,11.705878
nema1,128,128,128,4,3,4,1,1,2,8,3,64,11.687751
nema1,128,128,128,4,3,4,1,1,2,8,3,64,11.705947
nema1,128,128,128,4,3,4,1,1,2,8,3,64,11.671819
nema1,128,128,128,4,3,4,1,1,2,8,3,64,11.618691
nema1,128,128,128,4,3,4,1,1,2,8,3,64,11.487831
nema1,128,128,128,4,3,4,1,1,2,8,3,64,11.638285
nema1,128,128,128,4,3,4,1,1,2,8,3,64,11.562963
nema1,128,128,128,4,3,4,1,1,2,8,3,64,11.656647
nema1,128,128,128,4,3,4,1,1,2,8,3,64,11.583840
nema1,128,128,128,4,3,4,1,1,2,8,3,64,11.615382
nema1,128,128,128,4,3,4,1,1,2,8,3,64,11.564813
nema1,128,128,128,4,3,4,1,1,2,8,3,64,11.557284
nema1,128,128,128,4,3,4,1,1,2,8,3,64,11.564386
nema1,128,128,128,4,3,4,1,1,2,8,3,64,11.561376
nema1,128,128,128,4,3,4,1,1,2,8,3,64,11.561041
nema1,128,128,128,4,3,4,1,1,2,8,3,64,11.540509
nema1,128,128,128,4,3,4,1,1,2,8,3,64,11.514060
nema1,128,128,128,4,3,4,1,1,2,8,3,64,11.567773
nema1,128,128,128,4,3,4,1,1,2,8,3,64,11.795019
nema1,128,128,128,4,3,4,1,1,2,8,3,64,11.667733
nema1,128,128,128,4,3,4,1,1,2,8,3,64,11.655974
nema1,128,128,128,4,3,4,1,1,2,8,3,64,11.531727
nema1,128,128,128,4,3,4,1,1,2,8,3,64,11.493594
nema1,128,128,128,4,3,4,1,1,2,8,3,64,11.686612
nema1,128,128,128,4,3,4,1,1,2,8,3,64,11.635680
nema1,128,128,128,4,3,4,1,1,2,8,3,64,11.638988
nema1,128,128,128,4,3,4,1,1,2,8,3,64,11.629901
nema1,128,128,128,4,3,4,1,1,2,8,3,64,11.470857
nema1,128,128,128,4,3,4,1,1,2,8,3,64,11.475651
nema1,128,128,128,4,3,4,1,1,2,8,3,64,11.585075
nema1,128,128,128,4,3,4,1,1,2,8,3,64,11.565057
nema1,128,128,128,4,3,4,1,1,2,8,3,64,11.731371
nema1,128,128,128,4,3,4,1,1,2,8,3,64,11.659335
nema1,128,128,128,4,3,4,1,1,2,8,3,64,11.557797
nema1,128,128,128,4,3,4,1,1,2,8,3,64,11.656244
nema1,128,128,128,4,3,4,1,1,2,8,3,64,11.629195
nema1,128,128,128,4,3,4,1,1,2,8,3,64,11.649215
nema1,128,128,128,4,3,4,1,1,2,8,3,64,11.627702
nema1,128,128,128,4,3,4,1,1,2,8,3,64,11.562341
nema1,128,128,128,4,3,4,1,1,2,8,3,64,11.481552
nema1,128,128,128,4,3,4,1,1,2,8,3,64,11.596725
nema1,128,128,128,4,3,4,1,1,2,8,3,64,11.671812
nema1,128,128,128,4,3,4,1,1,2,8,3,64,11.589842
nema1,128,128,128,4,3,4,1,1,2,8,3,64,11.772412
nema1,128,128,128,4,3,4,1,1,2,8,3,64,12.036681
nema1,128,128,128,4,3,4,1,1,2,8,3,64,11.609308
nema1,128,128,128,4,3,4,1,1,2,8,3,64,11.592243
nema1,128,128,128,4,3,4,1,1,2,8,3,64,11.571661
nema1,128,128,128,4,3,4,1,1,2,8,3,64,11.665073
nema1,128,128,128,4,3,4,1,1,2,8,3,64,11.608293
nema1,128,128,128,4,3,4,1,1,2,8,3,64,11.739626
nema1,128,128,128,4,3,4,1,1,2,8,3,64,11.609175
nema1,128,128,128,4,3,4,1,1,2,8,3,64,11.588450
nema1,128,128,128,4,3,4,1,1,2,8,3,64,11.597782
nema1,128,128,128,4,3,4,1,1,2,8,3,64,11.516657
nema1,128,128,128,4,3,4,1,1,2,8,3,64,11.502011
nema1,128,128,128,4,3,4,1,1,2,8,3,64,11.527074
nema1,128,128,128,4,3,4,1,1,2,8,3,64,11.612025
nema1,128,128,128,4,3,4,1,1,2,8,3,64,11.676599
nema1,128,128,128,4,3,4,1,1,2,8,3,64,11.649043
nema1,128,128,128,4,3,4,1,1,2,8,3,64,11.573702
nema1,128,128,128,4,3,4,1,1,2,8,3,64,11.599677
nema1,128,128,128,4,3,4,1,1,2,8,3,64,11.695469
nema1,128,128,128,4,3,4,1,1,2,8,3,64,11.678249
nema1,128,128,128,4,3,4,1,1,2,8,3,64,11.624197
nema1,128,128,128,4,3,4,1,1,2,8,3,64,11.716655
nema1,128,128,128,4,3,4,1,1,2,8,3,64,11.600738
nema1,128,128,128,4,3,4,1,1,2,8,3,64,11.685537
nema1,128,128,128,4,3,4,1,1,2,8,3,64,11.586319
nema1,128,128,128,4,3,4,1,1,2,8,3,64,11.524503
nema1,128,128,128,4,3,4,1,1,2,8,3,64,11.621671
nema1,128,128,128,4,3,4,1,1,2,8,3,64,11.465468
nema1,128,128,128,4,3,4,1,1,2,8,3,64,11.443429
nema1,128,128,128,4,3,4,1,1,2,8,3,64,11.313470
nema1,128,128,128,4,3,4,1,1,2,8,3,64,11.314670
nema1,128,128,128,4,3,4,1,1,2,8,3,64,11.303737
nema1,128,128,128,4,3,4,1,1,2,8,3,64,11.449029
nema1,128,128,128,4,3,4,1,1,2,8,3,64,11.339262
nema1,128,128,128,4,3,4,1,1,2,8,3,64,11.442457
nema1,128,128,128,4,3,4,1,1,2,8,3,64,11.288683
nema1,128,128,128,4,3,4,1,1,2,8,3,64,11.483795
nema1,128,128,128,4,3,4,1,1,2,8,3,64,11.195073
nema1,128,128,128,4,3,4,1,1,2,8,3,64,11.306120
nema1,128,128,128,4,3,4,1,1,2,8,3,64,11.418922
nema1,128,128,128,4,3,4,1,1,2,8,3,64,11.384089
nema1,128,128,128,4,3,4,1,1,2,8,3,64,11.390122
nema1,128,128,128,4,3,4,1,1,2,8,3,64,11.373630
nema1,128,128,128,4,3,4,1,1,2,8,3,64,11.409321
nema1,128,128,128,4,3,4,1,1,2,8,3,64,11.383393
nema1,128,128,128,4,3,4,1,1,2,8,3,64,11.320748
nema1,128,128,128,4,3,4,1,1,2,8,3,64,11.346977
nema1,128,128,128,4,3,4,1,1,2,8,3,64,11.386088
nema1,128,128,128,4,3,4,1,1,2,8,3,64,11.426415
nema1,128,128,128,4,3,4,1,1,2,8,3,64,11.483451
nema1,128,128,128,4,3,4,1,1,2,8,3,64,11.455810
nema1,128,128,128,4,3,4,1,1,2,8,3,64,11.242459
nema1,128,128,128,4,3,4,1,1,2,8,3,64,11.918488
nema1,128,128,128,4,3,4,1,1,2,8,3,64,11.636724
nema1,128,128,128,4,3,4,1,1,2,8,3,64,11.440809
nema1,128,128,128,9,3,4,1,1,2,8,3,64,23.057580
nema1,128,128,128,9,3,4,1,1,2,8,3,64,22.749261
nema1,128,128,128,9,3,4,1,1,2,8,3,64,22.846575
nema1,128,128,128,9,3,4,1,1,2,8,3,64,22.798499
nema1,128,128,128,9,3,4,1,1,2,8,3,64,22.807887
nema1,128,128,128,9,3,4,1,1,2,8,3,64,22.729688
nema1,128,128,128,9,3,4,1,1,2,8,3,64,22.877213
nema1,128,128,128,9,3,4,1,1,2,8,3,64,22.881060
nema1,128,128,128,9,3,4,1,1,2,8,3,64,22.968408
nema1,128,128,128,9,3,4,1,1,2,8,3,64,22.990929
nema1,128,128,128,9,3,4,1,1,2,8,3,64,22.948444
nema1,128,128,128,9,3,4,1,1,2,8,3,64,23.208163
nema1,128,128,128,9,3,4,1,1,2,8,3,64,22.713329
nema1,128,128,128,9,3,4,1,1,2,8,3,64,22.359061
nema1,128,128,128,9,3,4,1,1,2,8,3,64,22.532365
nema1,128,128,128,9,3,4,1,1,2,8,3,64,22.446363
nema1,128,128,128,9,3,4,1,1,2,8,3,64,22.413874
nema1,128,128,128,9,3,4,1,1,2,8,3,64,22.385502
nema1,128,128,128,9,3,4,1,1,2,8,3,64,22.559288
nema1,128,128,128,9,3,4,1,1,2,8,3,64,22.561816
nema1,128,128,128,9,3,4,1,1,2,8,3,64,22.415777
nema1,128,128,128,9,3,4,1,1,2,8,3,64,22.332715
nema1,128,128,128,9,3,4,1,1,2,8,3,64,22.557110
nema1,128,128,128,9,3,4,1,1,2,8,3,64,22.393456
nema1,128,128,128,9,3,4,1,1,2,8,3,64,22.403509
nema1,128,128,128,9,3,4,1,1,2,8,3,64,22.316122
nema1,128,128,128,9,3,4,1,1,2,8,3,64,22.323946
nema1,128,128,128,9,3,4,1,1,2,8,3,64,22.480064
nema1,128,128,128,9,3,4,1,1,2,8,3,64,22.399497
nema1,128,128,128,9,3,4,1,1,2,8,3,64,22.464590
nema1,128,128,128,9,3,4,1,1,2,8,3,64,22.422967
nema1,128,128,128,9,3,4,1,1,2,8,3,64,22.464887
nema1,128,128,128,9,3,4,1,1,2,8,3,64,22.362011
nema1,128,128,128,9,3,4,1,1,2,8,3,64,23.279649
nema1,128,128,128,9,3,4,1,1,2,8,3,64,22.921000
nema1,128,128,128,9,3,4,1,1,2,8,3,64,22.472300
nema1,128,128,128,9,3,4,1,1,2,8,3,64,22.594195
nema1,128,128,128,9,3,4,1,1,2,8,3,64,22.725294
nema1,128,128,128,9,3,4,1,1,2,8,3,64,22.345733
nema1,128,128,128,9,3,4,1,1,2,8,3,64,22.429026
nema1,128,128,128,9,3,4,1,1,2,8,3,64,22.585069
nema1,128,128,128,9,3,4,1,1,2,8,3,64,22.437535
nema1,128,128,128,9,3,4,1,1,2,8,3,64,22.546613
nema1,128,128,128,9,3,4,1,1,2,8,3,64,22.634444
nema1,128,128,128,9,3,4,1,1,2,8,3,64,22.424111
nema1,128,128,128,9,3,4,1,1,2,8,3,64,22.591002
nema1,128,128,128,9,3,4,1,1,2,8,3,64,22.516604
nema1,128,128,128,9,3,4,1,1,2,8,3,64,22.820367
nema1,128,128,128,9,3,4,1,1,2,8,3,64,22.545345
nema1,128,128,128,9,3,4,1,1,2,8,3,64,22.398013
nema1,128,128,128,9,3,4,1,1,2,8,3,64,22.563952
nema1,128,128,128,9,3,4,1,1,2,8,3,64,22.544096
nema1,128,128,128,9,3,4,1,1,2,8,3,64,22.500074
nema1,128,128,128,9,3,4,1,1,2,8,3,64,22.596481
nema1,128,128,128,9,3,4,1,1,2,8,3,64,22.479088
nema1,128,128,128,9,3,4,1,1,2,8,3,64,22.507608
nema1,128,128,128,9,3,4,1,1,2,8,3,64,22.457719
nema1,128,128,128,9,3,4,1,1,2,8,3,64,22.392595
nema1,128,128,128,9,3,4,1,1,2,8,3,64,22.334900
nema1,128,128,128,9,3,4,1,1,2,8,3,64,22.278547
nema1,128,128,128,9,3,4,1,1,2,8,3,64,22.601984
nema1,128,128,128,9,3,4,1,1,2,8,3,64,22.652157
nema1,128,128,128,9,3,4,1,1,2,8,3,64,22.381004
nema1,128,128,128,9,3,4,1,1,2,8,3,64,22.677148
nema1,128,128,128,9,3,4,1,1,2,8,3,64,22.455464
nema1,128,128,128,9,3,4,1,1,2,8,3,64,22.407720
nema1,128,128,128,9,3,4,1,1,2,8,3,64,22.523216
nema1,128,128,128,9,3,4,1,1,2,8,3,64,22.426351
nema1,128,128,128,9,3,4,1,1,2,8,3,64,22.456971
nema1,128,128,128,9,3,4,1,1,2,8,3,64,22.470714
nema1,128,128,128,9,3,4,1,1,2,8,3,64,22.761470
nema1,128,128,128,9,3,4,1,1,2,8,3,64,22.171520
nema1,128,128,128,9,3,4,1,1,2,8,3,64,22.229794
nema1,128,128,128,9,3,4,1,1,2,8,3,64,22.123697
nema1,128,128,128,9,3,4,1,1,2,8,3,64,22.116932
nema1,128,128,128,9,3,4,1,1,2,8,3,64,22.042969
nema1,128,128,128,9,3,4,1,1,2,8,3,64,22.053468
nema1,128,128,128,9,3,4,1,1,2,8,3,64,22.123565
nema1,128,128,128,9,3,4,1,1,2,8,3,64,22.300950
nema1,128,128,128,9,3,4,1,1,2,8,3,64,21.915227
nema1,128,128,128,9,3,4,1,1,2,8,3,64,21.991164
nema1,128,128,128,9,3,4,1,1,2,8,3,64,22.134769
nema1,128,128,128,9,3,4,1,1,2,8,3,64,22.139619
nema1,128,128,128,9,3,4,1,1,2,8,3,64,22.225065
nema1,128,128,128,9,3,4,1,1,2,8,3,64,21.936246
nema1,128,128,128,9,3,4,1,1,2,8,3,64,22.157584
nema1,128,128,128,9,3,4,1,1,2,8,3,64,22.053387
nema1,128,128,128,9,3,4,1,1,2,8,3,64,22.017542
nema1,128,128,128,9,3,4,1,1,2,8,3,64,22.199138
nema1,128,128,128,9,3,4,1,1,2,8,3,64,22.153443
nema1,128,128,128,9,3,4,1,1,2,8,3,64,22.904566
nema1,128,128,128,9,3,4,1,1,2,8,3,64,22.599145
nema1,128,128,128,9,3,4,1,1,2,8,3,64,22.544958
nema1,128,128,128,9,3,4,1,1,2,8,3,64,22.518804
nema1,128,128,128,9,3,4,1,1,2,8,3,64,22.417335
nema1,128,128,128,9,3,4,1,1,2,8,3,64,22.580766
nema1,128,128,128,9,3,4,1,1,2,8,3,64,22.450341
nema1,128,128,128,9,3,4,1,1,2,8,3,64,22.684197
nema1,128,128,128,9,3,4,1,1,2,8,3,64,22.647130
nema1,128,128,128,9,3,4,1,1,2,8,3,64,22.389408
nema1,128,128,128,16,3,4,1,1,2,8,3,64,37.116967
nema1,128,128,128,16,3,4,1,1,2,8,3,64,37.298881
nema1,128,128,128,16,3,4,1,1,2,8,3,64,36.861182
nema1,128,128,128,16,3,4,1,1,2,8,3,64,36.376890
nema1,128,128,128,16,3,4,1,1,2,8,3,64,36.422482
nema1,128,128,128,16,3,4,1,1,2,8,3,64,36.655851
nema1,128,128,128,16,3,4,1,1,2,8,3,64,36.520339
nema1,128,128,128,16,3,4,1,1,2,8,3,64,36.535794
nema1,128,128,128,16,3,4,1,1,2,8,3,64,36.549186
nema1,128,128,128,16,3,4,1,1,2,8,3,64,37.301979
nema1,128,128,128,16,3,4,1,1,2,8,3,64,37.476572
nema1,128,128,128,16,3,4,1,1,2,8,3,64,37.292750
nema1,128,128,128,16,3,4,1,1,2,8,3,64,37.306068
nema1,128,128,128,16,3,4,1,1,2,8,3,64,37.137542
nema1,128,128,128,16,3,4,1,1,2,8,3,64,37.050878
nema1,128,128,128,16,3,4,1,1,2,8,3,64,37.154692
nema1,128,128,128,16,3,4,1,1,2,8,3,64,37.218798
nema1,128,128,128,16,3,4,1,1,2,8,3,64,37.278458
nema1,128,128,128,16,3,4,1,1,2,8,3,64,36.495926
nema1,128,128,128,16,3,4,1,1,2,8,3,64,36.432324
nema1,128,128,128,16,3,4,1,1,2,8,3,64,36.610931
nema1,128,128,128,16,3,4,1,1,2,8,3,64,36.484447
nema1,128,128,128,16,3,4,1,1,2,8,3,64,36.503578
nema1,128,128,128,16,3,4,1,1,2,8,3,64,36.334666
nema1,128,128,128,16,3,4,1,1,2,8,3,64,36.582701
nema1,128,128,128,16,3,4,1,1,2,8,3,64,36.528585
nema1,128,128,128,16,3,4,1,1,2,8,3,64,36.382141
nema1,128,128,128,16,3,4,1,1,2,8,3,64,36.577329
nema1,128,128,128,16,3,4,1,1,2,8,3,64,36.346936
nema1,128,128,128,16,3,4,1,1,2,8,3,64,36.461140
nema1,128,128,128,16,3,4,1,1,2,8,3,64,36.545396
nema1,128,128,128,16,3,4,1,1,2,8,3,64,36.591690
nema1,128,128,128,16,3,4,1,1,2,8,3,64,36.570088
nema1,128,128,128,16,3,4,1,1,2,8,3,64,36.533608
nema1,128,128,128,16,3,4,1,1,2,8,3,64,36.748989
nema1,128,128,128,16,3,4,1,1,2,8,3,64,36.480636
nema1,128,128,128,16,3,4,1,1,2,8,3,64,36.266107
nema1,128,128,128,16,3,4,1,1,2,8,3,64,36.391085
nema1,128,128,128,16,3,4,1,1,2,8,3,64,36.281154
nema1,128,128,128,16,3,4,1,1,2,8,3,64,36.462637
nema1,128,128,128,16,3,4,1,1,2,8,3,64,36.360781
nema1,128,128,128,16,3,4,1,1,2,8,3,64,36.377710
nema1,128,128,128,16,3,4,1,1,2,8,3,64,36.514981
nema1,128,128,128,16,3,4,1,1,2,8,3,64,36.423001
nema1,128,128,128,16,3,4,1,1,2,8,3,64,36.281820
nema1,128,128,128,16,3,4,1,1,2,8,3,64,36.593449
nema1,128,128,128,16,3,4,1,1,2,8,3,64,36.630951
nema1,128,128,128,16,3,4,1,1,2,8,3,64,36.442293
nema1,128,128,128,16,3,4,1,1,2,8,3,64,36.243339
nema1,128,128,128,16,3,4,1,1,2,8,3,64,37.211337
nema1,128,128,128,16,3,4,1,1,2,8,3,64,37.322004
nema1,128,128,128,16,3,4,1,1,2,8,3,64,37.040636
nema1,128,128,128,16,3,4,1,1,2,8,3,64,37.195574
nema1,128,128,128,16,3,4,1,1,2,8,3,64,37.254881
nema1,128,128,128,16,3,4,1,1,2,8,3,64,37.494565
nema1,128,128,128,16,3,4,1,1,2,8,3,64,37.110543
nema1,128,128,128,16,3,4,1,1,2,8,3,64,37.143182
nema1,128,128,128,16,3,4,1,1,2,8,3,64,37.203617
nema1,128,128,128,16,3,4,1,1,2,8,3,64,36.809473
nema1,128,128,128,16,3,4,1,1,2,8,3,64,36.405051
nema1,128,128,128,16,3,4,1,1,2,8,3,64,36.554508
nema1,128,128,128,16,3,4,1,1,2,8,3,64,36.468552
nema1,128,128,128,16,3,4,1,1,2,8,3,64,36.463405
nema1,128,128,128,16,3,4,1,1,2,8,3,64,36.360236
nema1,128,128,128,16,3,4,1,1,2,8,3,64,36.343730
nema1,128,128,128,16,3,4,1,1,2,8,3,64,36.524397
nema1,128,128,128,16,3,4,1,1,2,8,3,64,36.422030
nema1,128,128,128,16,3,4,1,1,2,8,3,64,36.560506
nema1,128,128,128,16,3,4,1,1,2,8,3,64,36.599328
nema1,128,128,128,16,3,4,1,1,2,8,3,64,36.496054
nema1,128,128,128,16,3,4,1,1,2,8,3,64,36.583063
nema1,128,128,128,16,3,4,1,1,2,8,3,64,36.320477
nema1,128,128,128,16,3,4,1,1,2,8,3,64,36.252861
nema1,128,128,128,16,3,4,1,1,2,8,3,64,36.426957
nema1,128,128,128,16,3,4,1,1,2,8,3,64,36.444072
nema1,128,128,128,16,3,4,1,1,2,8,3,64,36.524463
nema1,128,128,128,16,3,4,1,1,2,8,3,64,36.237170
nema1,128,128,128,16,3,4,1,1,2,8,3,64,36.303973
nema1,128,128,128,16,3,4,1,1,2,8,3,64,36.432056
nema1,128,128,128,16,3,4,1,1,2,8,3,64,36.180824
nema1,128,128,128,16,3,4,1,1,2,8,3,64,36.365715
nema1,128,128,128,16,3,4,1,1,2,8,3,64,36.410524
nema1,128,128,128,16,3,4,1,1,2,8,3,64,36.357006
nema1,128,128,128,16,3,4,1,1,2,8,3,64,36.487349
nema1,128,128,128,16,3,4,1,1,2,8,3,64,36.321979
nema1,128,128,128,16,3,4,1,1,2,8,3,64,36.046414
nema1,128,128,128,16,3,4,1,1,2,8,3,64,36.203245
nema1,128,128,128,16,3,4,1,1,2,8,3,64,36.523462
nema1,128,128,128,16,3,4,1,1,2,8,3,64,37.501973
nema1,128,128,128,16,3,4,1,1,2,8,3,64,37.098681
nema1,128,128,128,16,3,4,1,1,2,8,3,64,37.013061
nema1,128,128,128,16,3,4,1,1,2,8,3,64,36.870537
nema1,128,128,128,16,3,4,1,1,2,8,3,64,37.024242
nema1,128,128,128,16,3,4,1,1,2,8,3,64,36.993622
nema1,128,128,128,16,3,4,1,1,2,8,3,64,37.067376
nema1,128,128,128,16,3,4,1,1,2,8,3,64,36.839966
nema1,128,128,128,16,3,4,1,1,2,8,3,64,36.819572
nema1,128,128,128,16,3,4,1,1,2,8,3,64,36.273566
nema1,128,128,128,16,3,4,1,1,2,8,3,64,36.508041
nema1,128,128,128,16,3,4,1,1,2,8,3,64,36.550469
nema1,128,128,128,25,3,4,1,1,2,8,3,64,53.952259
nema1,128,128,128,25,3,4,1,1,2,8,3,64,54.107062
nema1,128,128,128,25,3,4,1,1,2,8,3,64,53.885274
nema1,128,128,128,25,3,4,1,1,2,8,3,64,54.451012
nema1,128,128,128,25,3,4,1,1,2,8,3,64,53.796766
nema1,128,128,128,25,3,4,1,1,2,8,3,64,53.900374
nema1,128,128,128,25,3,4,1,1,2,8,3,64,53.599726
nema1,128,128,128,25,3,4,1,1,2,8,3,64,53.966151
nema1,128,128,128,25,3,4,1,1,2,8,3,64,53.963562
nema1,128,128,128,25,3,4,1,1,2,8,3,64,54.103625
nema1,128,128,128,25,3,4,1,1,2,8,3,64,53.737320
nema1,128,128,128,25,3,4,1,1,2,8,3,64,54.028258
nema1,128,128,128,25,3,4,1,1,2,8,3,64,54.239156
nema1,128,128,128,25,3,4,1,1,2,8,3,64,53.892393
nema1,128,128,128,25,3,4,1,1,2,8,3,64,54.110145
nema1,128,128,128,25,3,4,1,1,2,8,3,64,54.091280
nema1,128,128,128,25,3,4,1,1,2,8,3,64,53.879858
nema1,128,128,128,25,3,4,1,1,2,8,3,64,54.276672
nema1,128,128,128,25,3,4,1,1,2,8,3,64,53.914775
nema1,128,128,128,25,3,4,1,1,2,8,3,64,53.778903
nema1,128,128,128,25,3,4,1,1,2,8,3,64,54.231227
nema1,128,128,128,25,3,4,1,1,2,8,3,64,53.804434
nema1,128,128,128,25,3,4,1,1,2,8,3,64,53.584472
nema1,128,128,128,25,3,4,1,1,2,8,3,64,54.006527
nema1,128,128,128,25,3,4,1,1,2,8,3,64,53.501877
nema1,128,128,128,25,3,4,1,1,2,8,3,64,53.861657
nema1,128,128,128,25,3,4,1,1,2,8,3,64,54.176551
nema1,128,128,128,25,3,4,1,1,2,8,3,64,54.179974
nema1,128,128,128,25,3,4,1,1,2,8,3,64,53.862232
nema1,128,128,128,25,3,4,1,1,2,8,3,64,54.092126
nema1,128,128,128,25,3,4,1,1,2,8,3,64,53.831965
nema1,128,128,128,25,3,4,1,1,2,8,3,64,53.665605
nema1,128,128,128,25,3,4,1,1,2,8,3,64,55.040497
nema1,128,128,128,25,3,4,1,1,2,8,3,64,55.046655
nema1,128,128,128,25,3,4,1,1,2,8,3,64,55.003988
nema1,128,128,128,25,3,4,1,1,2,8,3,64,55.371322
nema1,128,128,128,25,3,4,1,1,2,8,3,64,55.391703
nema1,128,128,128,25,3,4,1,1,2,8,3,64,55.073048
nema1,128,128,128,25,3,4,1,1,2,8,3,64,54.164883
nema1,128,128,128,25,3,4,1,1,2,8,3,64,54.089123
nema1,128,128,128,25,3,4,1,1,2,8,3,64,53.779658
nema1,128,128,128,25,3,4,1,1,2,8,3,64,53.897285
nema1,128,128,128,25,3,4,1,1,2,8,3,64,53.813500
nema1,128,128,128,25,3,4,1,1,2,8,3,64,53.792421
nema1,128,128,128,25,3,4,1,1,2,8,3,64,53.886783
nema1,128,128,128,25,3,4,1,1,2,8,3,64,53.864387
nema1,128,128,128,25,3,4,1,1,2,8,3,64,53.949782
nema1,128,128,128,25,3,4,1,1,2,8,3,64,54.681493
nema1,128,128,128,25,3,4,1,1,2,8,3,64,54.008977
nema1,128,128,128,25,3,4,1,1,2,8,3,64,53.751251
nema1,128,128,128,25,3,4,1,1,2,8,3,64,53.834567
nema1,128,128,128,25,3,4,1,1,2,8,3,64,54.049420
nema1,128,128,128,25,3,4,1,1,2,8,3,64,53.392311
nema1,128,128,128,25,3,4,1,1,2,8,3,64,53.924355
nema1,128,128,128,25,3,4,1,1,2,8,3,64,54.123701
nema1,128,128,128,25,3,4,1,1,2,8,3,64,53.988253
nema1,128,128,128,25,3,4,1,1,2,8,3,64,53.818485
nema1,128,128,128,25,3,4,1,1,2,8,3,64,54.005686
nema1,128,128,128,25,3,4,1,1,2,8,3,64,53.890701
nema1,128,128,128,25,3,4,1,1,2,8,3,64,53.975629
nema1,128,128,128,25,3,4,1,1,2,8,3,64,53.903472
nema1,128,128,128,25,3,4,1,1,2,8,3,64,53.956269
nema1,128,128,128,25,3,4,1,1,2,8,3,64,53.914342
nema1,128,128,128,25,3,4,1,1,2,8,3,64,54.110750
nema1,128,128,128,25,3,4,1,1,2,8,3,64,54.370705
nema1,128,128,128,25,3,4,1,1,2,8,3,64,53.567356
nema1,128,128,128,25,3,4,1,1,2,8,3,64,53.462177
nema1,128,128,128,25,3,4,1,1,2,8,3,64,53.751305
nema1,128,128,128,25,3,4,1,1,2,8,3,64,53.992570
nema1,128,128,128,25,3,4,1,1,2,8,3,64,53.904894
nema1,128,128,128,25,3,4,1,1,2,8,3,64,54.149714
nema1,128,128,128,25,3,4,1,1,2,8,3,64,53.874377
nema1,128,128,128,25,3,4,1,1,2,8,3,64,53.519331
nema1,128,128,128,25,3,4,1,1,2,8,3,64,53.847750
nema1,128,128,128,25,3,4,1,1,2,8,3,64,53.828276
nema1,128,128,128,25,3,4,1,1,2,8,3,64,53.820206
nema1,128,128,128,25,3,4,1,1,2,8,3,64,53.876286
nema1,128,128,128,25,3,4,1,1,2,8,3,64,53.751027
nema1,128,128,128,25,3,4,1,1,2,8,3,64,53.757983
nema1,128,128,128,25,3,4,1,1,2,8,3,64,53.863823
nema1,128,128,128,25,3,4,1,1,2,8,3,64,53.887587
nema1,128,128,128,25,3,4,1,1,2,8,3,64,53.834635
nema1,128,128,128,25,3,4,1,1,2,8,3,64,53.875915
nema1,128,128,128,25,3,4,1,1,2,8,3,64,53.702262
nema1,128,128,128,25,3,4,1,1,2,8,3,64,53.990035
nema1,128,128,128,25,3,4,1,1,2,8,3,64,53.580061
nema1,128,128,128,25,3,4,1,1,2,8,3,64,53.570845
nema1,128,128,128,25,3,4,1,1,2,8,3,64,53.700568
nema1,128,128,128,25,3,4,1,1,2,8,3,64,53.745115
nema1,128,128,128,25,3,4,1,1,2,8,3,64,54.026338
nema1,128,128,128,25,3,4,1,1,2,8,3,64,53.962281
nema1,128,128,128,25,3,4,1,1,2,8,3,64,53.959549
nema1,128,128,128,25,3,4,1,1,2,8,3,64,53.793835
nema1,128,128,128,25,3,4,1,1,2,8,3,64,53.289316
nema1,128,128,128,25,3,4,1,1,2,8,3,64,53.714157
nema1,128,128,128,25,3,4,1,1,2,8,3,64,53.804310
nema1,128,128,128,25,3,4,1,1,2,8,3,64,53.829605
nema1,128,128,128,25,3,4,1,1,2,8,3,64,53.595715
nema1,128,128,128,25,3,4,1,1,2,8,3,64,53.439572
nema1,128,128,128,25,3,4,1,1,2,8,3,64,53.515536
nema1,128,128,128,36,3,4,1,1,2,8,3,64,74.908178
nema1,128,128,128,36,3,4,1,1,2,8,3,64,75.330467
nema1,128,128,128,36,3,4,1,1,2,8,3,64,74.844679
nema1,128,128,128,36,3,4,1,1,2,8,3,64,75.037232
nema1,128,128,128,36,3,4,1,1,2,8,3,64,75.061097
nema1,128,128,128,36,3,4,1,1,2,8,3,64,74.961111
nema1,128,128,128,36,3,4,1,1,2,8,3,64,76.169089
nema1,128,128,128,36,3,4,1,1,2,8,3,64,76.487680
nema1,128,128,128,36,3,4,1,1,2,8,3,64,76.153836
nema1,128,128,128,36,3,4,1,1,2,8,3,64,76.510947
nema1,128,128,128,36,3,4,1,1,2,8,3,64,75.801277
nema1,128,128,128,36,3,4,1,1,2,8,3,64,74.860975
nema1,128,128,128,36,3,4,1,1,2,8,3,64,74.611821
nema1,128,128,128,36,3,4,1,1,2,8,3,64,74.945912
nema1,128,128,128,36,3,4,1,1,2,8,3,64,74.957362
nema1,128,128,128,36,3,4,1,1,2,8,3,64,75.209533
nema1,128,128,128,36,3,4,1,1,2,8,3,64,74.571584
nema1,128,128,128,36,3,4,1,1,2,8,3,64,74.363578
nema1,128,128,128,36,3,4,1,1,2,8,3,64,74.638372
nema1,128,128,128,36,3,4,1,1,2,8,3,64,74.874809
nema1,128,128,128,36,3,4,1,1,2,8,3,64,74.206008
nema1,128,128,128,36,3,4,1,1,2,8,3,64,74.715495
nema1,128,128,128,36,3,4,1,1,2,8,3,64,74.517655
nema1,128,128,128,36,3,4,1,1,2,8,3,64,74.722589
nema1,128,128,128,36,3,4,1,1,2,8,3,64,74.587651
nema1,128,128,128,36,3,4,1,1,2,8,3,64,74.350205
nema1,128,128,128,36,3,4,1,1,2,8,3,64,74.200844
nema1,128,128,128,36,3,4,1,1,2,8,3,64,74.932374
nema1,128,128,128,36,3,4,1,1,2,8,3,64,74.339438
nema1,128,128,128,36,3,4,1,1,2,8,3,64,74.138185
nema1,128,128,128,36,3,4,1,1,2,8,3,64,74.444982
nema1,128,128,128,36,3,4,1,1,2,8,3,64,74.438612
nema1,128,128,128,36,3,4,1,1,2,8,3,64,74.389566
nema1,128,128,128,36,3,4,1,1,2,8,3,64,74.748034
nema1,128,128,128,36,3,4,1,1,2,8,3,64,74.309067
nema1,128,128,128,36,3,4,1,1,2,8,3,64,74.441399
nema1,128,128,128,36,3,4,1,1,2,8,3,64,74.288157
nema1,128,128,128,36,3,4,1,1,2,8,3,64,74.546264
nema1,128,128,128,36,3,4,1,1,2,8,3,64,74.332266
nema1,128,128,128,36,3,4,1,1,2,8,3,64,74.456216
nema1,128,128,128,36,3,4,1,1,2,8,3,64,74.463934
nema1,128,128,128,36,3,4,1,1,2,8,3,64,74.526505
nema1,128,128,128,36,3,4,1,1,2,8,3,64,74.289332
nema1,128,128,128,36,3,4,1,1,2,8,3,64,74.460159
nema1,128,128,128,36,3,4,1,1,2,8,3,64,74.222641
nema1,128,128,128,36,3,4,1,1,2,8,3,64,74.385891
nema1,128,128,128,36,3,4,1,1,2,8,3,64,74.388055
nema1,128,128,128,36,3,4,1,1,2,8,3,64,74.166431
nema1,128,128,128,36,3,4,1,1,2,8,3,64,74.715678
nema1,128,128,128,36,3,4,1,1,2,8,3,64,74.626356
nema1,128,128,128,36,3,4,1,1,2,8,3,64,74.369600
nema1,128,128,128,36,3,4,1,1,2,8,3,64,74.530718
nema1,128,128,128,36,3,4,1,1,2,8,3,64,74.309925
nema1,128,128,128,36,3,4,1,1,2,8,3,64,74.232413
nema1,128,128,128,36,3,4,1,1,2,8,3,64,73.737651
nema1,128,128,128,36,3,4,1,1,2,8,3,64,73.940571
nema1,128,128,128,36,3,4,1,1,2,8,3,64,74.407874
nema1,128,128,128,36,3,4,1,1,2,8,3,64,73.994275
nema1,128,128,128,36,3,4,1,1,2,8,3,64,74.101189
nema1,128,128,128,36,3,4,1,1,2,8,3,64,74.038519
nema1,128,128,128,36,3,4,1,1,2,8,3,64,74.236152
nema1,128,128,128,36,3,4,1,1,2,8,3,64,74.214852
nema1,128,128,128,36,3,4,1,1,2,8,3,64,74.090627
nema1,128,128,128,36,3,4,1,1,2,8,3,64,73.926671
nema1,128,128,128,36,3,4,1,1,2,8,3,64,74.478715
nema1,128,128,128,36,3,4,1,1,2,8,3,64,74.129373
nema1,128,128,128,36,3,4,1,1,2,8,3,64,74.062879
nema1,128,128,128,36,3,4,1,1,2,8,3,64,73.726426
nema1,128,128,128,36,3,4,1,1,2,8,3,64,74.266263
nema1,128,128,128,36,3,4,1,1,2,8,3,64,74.100823
nema1,128,128,128,36,3,4,1,1,2,8,3,64,74.246117
nema1,128,128,128,36,3,4,1,1,2,8,3,64,74.043402
nema1,128,128,128,36,3,4,1,1,2,8,3,64,73.741278
nema1,128,128,128,36,3,4,1,1,2,8,3,64,74.040611
nema1,128,128,128,36,3,4,1,1,2,8,3,64,73.808012
nema1,128,128,128,36,3,4,1,1,2,8,3,64,74.561964
nema1,128,128,128,36,3,4,1,1,2,8,3,64,73.982960
nema1,128,128,128,36,3,4,1,1,2,8,3,64,73.921323
nema1,128,128,128,36,3,4,1,1,2,8,3,64,74.011373
nema1,128,128,128,36,3,4,1,1,2,8,3,64,73.990160
nema1,128,128,128,36,3,4,1,1,2,8,3,64,74.183692
nema1,128,128,128,36,3,4,1,1,2,8,3,64,73.788227
nema1,128,128,128,36,3,4,1,1,2,8,3,64,73.924067
nema1,128,128,128,36,3,4,1,1,2,8,3,64,73.765921
nema1,128,128,128,36,3,4,1,1,2,8,3,64,73.698427
nema1,128,128,128,36,3,4,1,1,2,8,3,64,73.590921
nema1,128,128,128,36,3,4,1,1,2,8,3,64,74.039107
nema1,128,128,128,36,3,4,1,1,2,8,3,64,73.707308
nema1,128,128,128,36,3,4,1,1,2,8,3,64,73.914689
nema1,128,128,128,36,3,4,1,1,2,8,3,64,75.926140
nema1,128,128,128,36,3,4,1,1,2,8,3,64,75.681221
nema1,128,128,128,36,3,4,1,1,2,8,3,64,75.787300
nema1,128,128,128,36,3,4,1,1,2,8,3,64,75.755886
nema1,128,128,128,36,3,4,1,1,2,8,3,64,75.400984
nema1,128,128,128,36,3,4,1,1,2,8,3,64,74.135774
nema1,128,128,128,36,3,4,1,1,2,8,3,64,74.373152
nema1,128,128,128,36,3,4,1,1,2,8,3,64,74.750158
nema1,128,128,128,36,3,4,1,1,2,8,3,64,74.347754
nema1,128,128,128,36,3,4,1,1,2,8,3,64,74.110895
nema1,128,128,128,36,3,4,1,1,2,8,3,64,74.047721
nema1,128,128,128,49,3,4,1,1,2,8,3,64,100.628854
nema1,128,128,128,49,3,4,1,1,2,8,3,64,100.850087
nema1,128,128,128,49,3,4,1,1,2,8,3,64,101.016370
nema1,128,128,128,49,3,4,1,1,2,8,3,64,100.502820
nema1,128,128,128,49,3,4,1,1,2,8,3,64,100.923270
nema1,128,128,128,49,3,4,1,1,2,8,3,64,101.134073
nema1,128,128,128,49,3,4,1,1,2,8,3,64,100.766228
nema1,128,128,128,49,3,4,1,1,2,8,3,64,100.886418
nema1,128,128,128,49,3,4,1,1,2,8,3,64,101.170755
nema1,128,128,128,49,3,4,1,1,2,8,3,64,100.814209
nema1,128,128,128,49,3,4,1,1,2,8,3,64,101.041876
nema1,128,128,128,49,3,4,1,1,2,8,3,64,100.709673
nema1,128,128,128,49,3,4,1,1,2,8,3,64,100.842701
nema1,128,128,128,49,3,4,1,1,2,8,3,64,100.937572
nema1,128,128,128,49,3,4,1,1,2,8,3,64,100.986727
nema1,128,128,128,49,3,4,1,1,2,8,3,64,101.015717
nema1,128,128,128,49,3,4,1,1,2,8,3,64,100.631233
nema1,128,128,128,49,3,4,1,1,2,8,3,64,100.528410
nema1,128,128,128,49,3,4,1,1,2,8,3,64,100.729867
nema1,128,128,128,49,3,4,1,1,2,8,3,64,101.004055
nema1,128,128,128,49,3,4,1,1,2,8,3,64,100.833619
nema1,128,128,128,49,3,4,1,1,2,8,3,64,101.133360
nema1,128,128,128,49,3,4,1,1,2,8,3,64,101.079526
nema1,128,128,128,49,3,4,1,1,2,8,3,64,101.084796
nema1,128,128,128,49,3,4,1,1,2,8,3,64,100.902589
nema1,128,128,128,49,3,4,1,1,2,8,3,64,100.838369
nema1,128,128,128,49,3,4,1,1,2,8,3,64,100.471767
nema1,128,128,128,49,3,4,1,1,2,8,3,64,100.916850
nema1,128,128,128,49,3,4,1,1,2,8,3,64,100.897767
nema1,128,128,128,49,3,4,1,1,2,8,3,64,100.774203
nema1,128,128,128,49,3,4,1,1,2,8,3,64,100.901805
nema1,128,128,128,49,3,4,1,1,2,8,3,64,101.733677
nema1,128,128,128,49,3,4,1,1,2,8,3,64,103.171888
nema1,128,128,128,49,3,4,1,1,2,8,3,64,103.229180
nema1,128,128,128,49,3,4,1,1,2,8,3,64,103.033594
nema1,128,128,128,49,3,4,1,1,2,8,3,64,100.917862
nema1,128,128,128,49,3,4,1,1,2,8,3,64,100.534813
nema1,128,128,128,49,3,4,1,1,2,8,3,64,100.516839
nema1,128,128,128,49,3,4,1,1,2,8,3,64,100.751968
nema1,128,128,128,49,3,4,1,1,2,8,3,64,102.995762
nema1,128,128,128,49,3,4,1,1,2,8,3,64,103.704218
nema1,128,128,128,49,3,4,1,1,2,8,3,64,102.997492
nema1,128,128,128,49,3,4,1,1,2,8,3,64,100.913106
nema1,128,128,128,49,3,4,1,1,2,8,3,64,100.909551
nema1,128,128,128,49,3,4,1,1,2,8,3,64,100.657868
nema1,128,128,128,49,3,4,1,1,2,8,3,64,100.662842
nema1,128,128,128,49,3,4,1,1,2,8,3,64,100.981884
nema1,128,128,128,49,3,4,1,1,2,8,3,64,101.087041
nema1,128,128,128,49,3,4,1,1,2,8,3,64,100.606106
nema1,128,128,128,49,3,4,1,1,2,8,3,64,100.735212
nema1,128,128,128,49,3,4,1,1,2,8,3,64,100.865735
nema1,128,128,128,49,3,4,1,1,2,8,3,64,100.827548
nema1,128,128,128,49,3,4,1,1,2,8,3,64,100.426324
nema1,128,128,128,49,3,4,1,1,2,8,3,64,100.803682
nema1,128,128,128,49,3,4,1,1,2,8,3,64,100.925283
nema1,128,128,128,49,3,4,1,1,2,8,3,64,100.369139
nema1,128,128,128,49,3,4,1,1,2,8,3,64,100.739019
nema1,128,128,128,49,3,4,1,1,2,8,3,64,100.606676
nema1,128,128,128,49,3,4,1,1,2,8,3,64,100.839559
nema1,128,128,128,49,3,4,1,1,2,8,3,64,100.846668
nema1,128,128,128,49,3,4,1,1,2,8,3,64,100.504481
nema1,128,128,128,49,3,4,1,1,2,8,3,64,100.693753
nema1,128,128,128,49,3,4,1,1,2,8,3,64,100.881594
nema1,128,128,128,49,3,4,1,1,2,8,3,64,100.909742
nema1,128,128,128,49,3,4,1,1,2,8,3,64,100.295265
nema1,128,128,128,49,3,4,1,1,2,8,3,64,102.106122
nema1,128,128,128,49,3,4,1,1,2,8,3,64,103.129604
nema1,128,128,128,49,3,4,1,1,2,8,3,64,102.093728
nema1,128,128,128,49,3,4,1,1,2,8,3,64,101.597618
nema1,128,128,128,49,3,4,1,1,2,8,3,64,100.450997
nema1,128,128,128,49,3,4,1,1,2,8,3,64,101.077332
nema1,128,128,128,49,3,4,1,1,2,8,3,64,100.363544
nema1,128,128,128,49,3,4,1,1,2,8,3,64,101.303957
nema1,128,128,128,49,3,4,1,1,2,8,3,64,100.308451
nema1,128,128,128,49,3,4,1,1,2,8,3,64,100.587292
nema1,128,128,128,49,3,4,1,1,2,8,3,64,99.916859
nema1,128,128,128,49,3,4,1,1,2,8,3,64,100.678633
nema1,128,128,128,49,3,4,1,1,2,8,3,64,101.028328
nema1,128,128,128,49,3,4,1,1,2,8,3,64,100.823928
nema1,128,128,128,49,3,4,1,1,2,8,3,64,99.966019
nema1,128,128,128,49,3,4,1,1,2,8,3,64,101.027185
nema1,128,128,128,49,3,4,1,1,2,8,3,64,100.943304
nema1,128,128,128,49,3,4,1,1,2,8,3,64,100.449254
nema1,128,128,128,49,3,4,1,1,2,8,3,64,100.743450
nema1,128,128,128,49,3,4,1,1,2,8,3,64,100.525488
nema1,128,128,128,49,3,4,1,1,2,8,3,64,100.293579
nema1,128,128,128,49,3,4,1,1,2,8,3,64,100.892970
nema1,128,128,128,49,3,4,1,1,2,8,3,64,100.361247
nema1,128,128,128,49,3,4,1,1,2,8,3,64,100.425217
nema1,128,128,128,49,3,4,1,1,2,8,3,64,100.618645
nema1,128,128,128,49,3,4,1,1,2,8,3,64,100.297227
nema1,128,128,128,49,3,4,1,1,2,8,3,64,100.427627
nema1,128,128,128,49,3,4,1,1,2,8,3,64,100.323105
nema1,128,128,128,49,3,4,1,1,2,8,3,64,100.044318
nema1,128,128,128,49,3,4,1,1,2,8,3,64,99.943232
nema1,128,128,128,49,3,4,1,1,2,8,3,64,100.680975
nema1,128,128,128,49,3,4,1,1,2,8,3,64,100.127603
nema1,128,128,128,49,3,4,1,1,2,8,3,64,100.586707
nema1,128,128,128,49,3,4,1,1,2,8,3,64,100.331805
nema1,128,128,128,49,3,4,1,1,2,8,3,64,100.347202
nema1,128,128,128,64,3,4,1,1,2,8,3,64,129.378523
nema1,128,128,128,64,3,4,1,1,2,8,3,64,128.996179
nema1,128,128,128,64,3,4,1,1,2,8,3,64,129.002405
nema1,128,128,128,64,3,4,1,1,2,8,3,64,129.299483
nema1,128,128,128,64,3,4,1,1,2,8,3,64,129.095778
nema1,128,128,128,64,3,4,1,1,2,8,3,64,129.595869
nema1,128,128,128,64,3,4,1,1,2,8,3,64,129.145118
nema1,128,128,128,64,3,4,1,1,2,8,3,64,129.575714
nema1,128,128,128,64,3,4,1,1,2,8,3,64,128.764705
nema1,128,128,128,64,3,4,1,1,2,8,3,64,129.409604
nema1,128,128,128,64,3,4,1,1,2,8,3,64,129.220505
nema1,128,128,128,64,3,4,1,1,2,8,3,64,128.821579
nema1,128,128,128,64,3,4,1,1,2,8,3,64,129.967918
nema1,128,128,128,64,3,4,1,1,2,8,3,64,131.951725
nema1,128,128,128,64,3,4,1,1,2,8,3,64,132.744763
nema1,128,128,128,64,3,4,1,1,2,8,3,64,129.912140
nema1,128,128,128,64,3,4,1,1,2,8,3,64,129.344970
nema1,128,128,128,64,3,4,1,1,2,8,3,64,128.973020
nema1,128,128,128,64,3,4,1,1,2,8,3,64,128.899636
nema1,128,128,128,64,3,4,1,1,2,8,3,64,129.594682
nema1,128,128,128,64,3,4,1,1,2,8,3,64,129.501373
nema1,128,128,128,64,3,4,1,1,2,8,3,64,129.713150
nema1,128,128,128,64,3,4,1,1,2,8,3,64,129.097142
nema1,128,128,128,64,3,4,1,1,2,8,3,64,128.969735
nema1,128,128,128,64,3,4,1,1,2,8,3,64,128.673016
nema1,128,128,128,64,3,4,1,1,2,8,3,64,128.544658
nema1,128,128,128,64,3,4,1,1,2,8,3,64,129.025630
nema1,128,128,128,64,3,4,1,1,2,8,3,64,128.987352
nema1,128,128,128,64,3,4,1,1,2,8,3,64,129.200966
nema1,128,128,128,64,3,4,1,1,2,8,3,64,128.853496
nema1,128,128,128,64,3,4,1,1,2,8,3,64,129.133155
nema1,128,128,128,64,3,4,1,1,2,8,3,64,128.866391
nema1,128,128,128,64,3,4,1,1,2,8,3,64,128.460418
nema1,128,128,128,64,3,4,1,1,2,8,3,64,128.420053
nema1,128,128,128,64,3,4,1,1,2,8,3,64,128.447048
nema1,128,128,128,64,3,4,1,1,2,8,3,64,129.054913
nema1,128,128,128,64,3,4,1,1,2,8,3,64,128.435150
nema1,128,128,128,64,3,4,1,1,2,8,3,64,128.983675
nema1,128,128,128,64,3,4,1,1,2,8,3,64,128.637678
nema1,128,128,128,64,3,4,1,1,2,8,3,64,128.325020
nema1,128,128,128,64,3,4,1,1,2,8,3,64,128.573347
nema1,128,128,128,64,3,4,1,1,2,8,3,64,129.006877
nema1,128,128,128,64,3,4,1,1,2,8,3,64,128.646013
nema1,128,128,128,64,3,4,1,1,2,8,3,64,128.894077
nema1,128,128,128,64,3,4,1,1,2,8,3,64,129.244958
nema1,128,128,128,64,3,4,1,1,2,8,3,64,129.035355
nema1,128,128,128,64,3,4,1,1,2,8,3,64,129.283650
nema1,128,128,128,64,3,4,1,1,2,8,3,64,128.943011
nema1,128,128,128,64,3,4,1,1,2,8,3,64,128.871351
nema1,128,128,128,64,3,4,1,1,2,8,3,64,129.231175
nema1,128,128,128,64,3,4,1,1,2,8,3,64,128.787935
nema1,128,128,128,64,3,4,1,1,2,8,3,64,129.029086
nema1,128,128,128,64,3,4,1,1,2,8,3,64,129.409202
nema1,128,128,128,64,3,4,1,1,2,8,3,64,129.333593
nema1,128,128,128,64,3,4,1,1,2,8,3,64,129.295940
nema1,128,128,128,64,3,4,1,1,2,8,3,64,129.448709
nema1,128,128,128,64,3,4,1,1,2,8,3,64,129.147539
nema1,128,128,128,64,3,4,1,1,2,8,3,64,129.025626
nema1,128,128,128,64,3,4,1,1,2,8,3,64,129.578025
nema1,128,128,128,64,3,4,1,1,2,8,3,64,129.784795
nema1,128,128,128,64,3,4,1,1,2,8,3,64,129.184380
nema1,128,128,128,64,3,4,1,1,2,8,3,64,129.342794
nema1,128,128,128,64,3,4,1,1,2,8,3,64,129.475304
nema1,128,128,128,64,3,4,1,1,2,8,3,64,128.710460
nema1,128,128,128,64,3,4,1,1,2,8,3,64,129.291521
nema1,128,128,128,64,3,4,1,1,2,8,3,64,129.411733
nema1,128,128,128,64,3,4,1,1,2,8,3,64,129.246200
nema1,128,128,128,64,3,4,1,1,2,8,3,64,129.297194
nema1,128,128,128,64,3,4,1,1,2,8,3,64,129.400019
nema1,128,128,128,64,3,4,1,1,2,8,3,64,130.110169
nema1,128,128,128,64,3,4,1,1,2,8,3,64,129.584552
nema1,128,128,128,64,3,4,1,1,2,8,3,64,129.823939
nema1,128,128,128,64,3,4,1,1,2,8,3,64,129.034723
nema1,128,128,128,64,3,4,1,1,2,8,3,64,129.968323
nema1,128,128,128,64,3,4,1,1,2,8,3,64,130.094586
nema1,128,128,128,64,3,4,1,1,2,8,3,64,130.008242
nema1,128,128,128,64,3,4,1,1,2,8,3,64,128.918527
nema1,128,128,128,64,3,4,1,1,2,8,3,64,129.424713
nema1,128,128,128,64,3,4,1,1,2,8,3,64,129.828259
nema1,128,128,128,64,3,4,1,1,2,8,3,64,128.850907
nema1,128,128,128,64,3,4,1,1,2,8,3,64,129.078944
nema1,128,128,128,64,3,4,1,1,2,8,3,64,129.237954
nema1,128,128,128,64,3,4,1,1,2,8,3,64,129.066877
nema1,128,128,128,64,3,4,1,1,2,8,3,64,129.186853
nema1,128,128,128,64,3,4,1,1,2,8,3,64,129.742810
nema1,128,128,128,64,3,4,1,1,2,8,3,64,129.113121
nema1,128,128,128,64,3,4,1,1,2,8,3,64,128.846953
nema1,128,128,128,64,3,4,1,1,2,8,3,64,129.928841
nema1,128,128,128,64,3,4,1,1,2,8,3,64,129.145319
nema1,128,128,128,64,3,4,1,1,2,8,3,64,129.346139
nema1,128,128,128,64,3,4,1,1,2,8,3,64,129.843470
nema1,128,128,128,64,3,4,1,1,2,8,3,64,129.407637
nema1,128,128,128,64,3,4,1,1,2,8,3,64,129.472998
nema1,128,128,128,64,3,4,1,1,2,8,3,64,129.747110
nema1,128,128,128,64,3,4,1,1,2,8,3,64,129.048092
nema1,128,128,128,64,3,4,1,1,2,8,3,64,130.156427
nema1,128,128,128,64,3,4,1,1,2,8,3,64,128.849892
nema1,128,128,128,64,3,4,1,1,2,8,3,64,129.251393
nema1,128,128,128,64,3,4,1,1,2,8,3,64,128.605209
nema1,128,128,128,64,3,4,1,1,2,8,3,64,129.018620
nema1,128,128,128,81,3,4,1,1,2,8,3,64,162.274597
nema1,128,128,128,81,3,4,1,1,2,8,3,64,161.688283
nema1,128,128,128,81,3,4,1,1,2,8,3,64,162.106763
nema1,128,128,128,81,3,4,1,1,2,8,3,64,161.675879
nema1,128,128,128,81,3,4,1,1,2,8,3,64,161.926322
nema1,128,128,128,81,3,4,1,1,2,8,3,64,162.603429
nema1,128,128,128,81,3,4,1,1,2,8,3,64,161.660078
nema1,128,128,128,81,3,4,1,1,2,8,3,64,161.255382
nema1,128,128,128,81,3,4,1,1,2,8,3,64,162.159069
nema1,128,128,128,81,3,4,1,1,2,8,3,64,162.201005
nema1,128,128,128,81,3,4,1,1,2,8,3,64,161.934019
nema1,128,128,128,81,3,4,1,1,2,8,3,64,163.264683
nema1,128,128,128,81,3,4,1,1,2,8,3,64,162.660112
nema1,128,128,128,81,3,4,1,1,2,8,3,64,161.502701
nema1,128,128,128,81,3,4,1,1,2,8,3,64,162.138671
nema1,128,128,128,81,3,4,1,1,2,8,3,64,161.526805
nema1,128,128,128,81,3,4,1,1,2,8,3,64,163.444890
nema1,128,128,128,81,3,4,1,1,2,8,3,64,162.746221
nema1,128,128,128,81,3,4,1,1,2,8,3,64,162.681393
nema1,128,128,128,81,3,4,1,1,2,8,3,64,162.794445
nema1,128,128,128,81,3,4,1,1,2,8,3,64,162.525572
nema1,128,128,128,81,3,4,1,1,2,8,3,64,162.462552
nema1,128,128,128,81,3,4,1,1,2,8,3,64,162.420343
nema1,128,128,128,81,3,4,1,1,2,8,3,64,161.882397
nema1,128,128,128,81,3,4,1,1,2,8,3,64,162.152394
nema1,128,128,128,81,3,4,1,1,2,8,3,64,163.361088
nema1,128,128,128,81,3,4,1,1,2,8,3,64,162.323390
nema1,128,128,128,81,3,4,1,1,2,8,3,64,162.484263
nema1,128,128,128,81,3,4,1,1,2,8,3,64,162.301702
nema1,128,128,128,81,3,4,1,1,2,8,3,64,162.699632
nema1,128,128,128,81,3,4,1,1,2,8,3,64,162.177158
nema1,128,128,128,81,3,4,1,1,2,8,3,64,162.762411
nema1,128,128,128,81,3,4,1,1,2,8,3,64,162.629373
nema1,128,128,128,81,3,4,1,1,2,8,3,64,162.895117
nema1,128,128,128,81,3,4,1,1,2,8,3,64,162.333213
nema1,128,128,128,81,3,4,1,1,2,8,3,64,162.194940
nema1,128,128,128,81,3,4,1,1,2,8,3,64,162.502715
nema1,128,128,128,81,3,4,1,1,2,8,3,64,162.633670
nema1,128,128,128,81,3,4,1,1,2,8,3,64,162.091388
nema1,128,128,128,81,3,4,1,1,2,8,3,64,162.013504
nema1,128,128,128,81,3,4,1,1,2,8,3,64,161.420950
nema1,128,128,128,81,3,4,1,1,2,8,3,64,162.538993
nema1,128,128,128,81,3,4,1,1,2,8,3,64,162.538424
nema1,128,128,128,81,3,4,1,1,2,8,3,64,163.234262
nema1,128,128,128,81,3,4,1,1,2,8,3,64,162.312342
nema1,128,128,128,81,3,4,1,1,2,8,3,64,162.456385
nema1,128,128,128,81,3,4,1,1,2,8,3,64,162.384736
nema1,128,128,128,81,3,4,1,1,2,8,3,64,161.944564
nema1,128,128,128,81,3,4,1,1,2,8,3,64,162.831057
nema1,128,128,128,81,3,4,1,1,2,8,3,64,161.867635
nema1,128,128,128,81,3,4,1,1,2,8,3,64,162.926005
nema1,128,128,128,81,3,4,1,1,2,8,3,64,162.367517
nema1,128,128,128,81,3,4,1,1,2,8,3,64,162.781366
nema1,128,128,128,81,3,4,1,1,2,8,3,64,162.222102
nema1,128,128,128,81,3,4,1,1,2,8,3,64,163.303133
nema1,128,128,128,81,3,4,1,1,2,8,3,64,162.670782
nema1,128,128,128,81,3,4,1,1,2,8,3,64,162.932481
nema1,128,128,128,81,3,4,1,1,2,8,3,64,162.650759
nema1,128,128,128,81,3,4,1,1,2,8,3,64,162.662559
nema1,128,128,128,81,3,4,1,1,2,8,3,64,162.426817
nema1,128,128,128,81,3,4,1,1,2,8,3,64,162.379934
nema1,128,128,128,81,3,4,1,1,2,8,3,64,162.243701
nema1,128,128,128,81,3,4,1,1,2,8,3,64,161.951021
nema1,128,128,128,81,3,4,1,1,2,8,3,64,162.430685
nema1,128,128,128,81,3,4,1,1,2,8,3,64,163.236046
nema1,128,128,128,81,3,4,1,1,2,8,3,64,162.778080
nema1,128,128,128,81,3,4,1,1,2,8,3,64,162.872463
nema1,128,128,128,81,3,4,1,1,2,8,3,64,162.425635
nema1,128,128,128,81,3,4,1,1,2,8,3,64,162.259510
nema1,128,128,128,81,3,4,1,1,2,8,3,64,162.807409
nema1,128,128,128,81,3,4,1,1,2,8,3,64,162.980319
nema1,128,128,128,81,3,4,1,1,2,8,3,64,162.405761
nema1,128,128,128,81,3,4,1,1,2,8,3,64,162.541495
nema1,128,128,128,81,3,4,1,1,2,8,3,64,162.530285
nema1,128,128,128,81,3,4,1,1,2,8,3,64,162.975358
nema1,128,128,128,81,3,4,1,1,2,8,3,64,162.781063
nema1,128,128,128,81,3,4,1,1,2,8,3,64,163.079678
nema1,128,128,128,81,3,4,1,1,2,8,3,64,162.665582
nema1,128,128,128,81,3,4,1,1,2,8,3,64,163.514969
nema1,128,128,128,81,3,4,1,1,2,8,3,64,162.860916
nema1,128,128,128,81,3,4,1,1,2,8,3,64,163.059816
nema1,128,128,128,81,3,4,1,1,2,8,3,64,162.888849
nema1,128,128,128,81,3,4,1,1,2,8,3,64,162.466488
nema1,128,128,128,81,3,4,1,1,2,8,3,64,162.737437
nema1,128,128,128,81,3,4,1,1,2,8,3,64,162.159177
nema1,128,128,128,81,3,4,1,1,2,8,3,64,162.533842
nema1,128,128,128,81,3,4,1,1,2,8,3,64,163.177236
nema1,128,128,128,81,3,4,1,1,2,8,3,64,162.803372
nema1,128,128,128,81,3,4,1,1,2,8,3,64,162.644172
nema1,128,128,128,81,3,4,1,1,2,8,3,64,162.194488
nema1,128,128,128,81,3,4,1,1,2,8,3,64,162.587471
nema1,128,128,128,81,3,4,1,1,2,8,3,64,162.402266
nema1,128,128,128,81,3,4,1,1,2,8,3,64,162.888565
nema1,128,128,128,81,3,4,1,1,2,8,3,64,162.249944
nema1,128,128,128,81,3,4,1,1,2,8,3,64,162.457407
nema1,128,128,128,81,3,4,1,1,2,8,3,64,161.698121
nema1,128,128,128,81,3,4,1,1,2,8,3,64,163.224789
nema1,128,128,128,81,3,4,1,1,2,8,3,64,162.573885
nema1,128,128,128,81,3,4,1,1,2,8,3,64,163.767512
nema1,128,128,128,81,3,4,1,1,2,8,3,64,162.301458
nema1,128,128,128,100,3,4,1,1,2,8,3,64,199.978460
nema1,128,128,128,100,3,4,1,1,2,8,3,64,200.413374
nema1,128,128,128,100,3,4,1,1,2,8,3,64,199.393485
nema1,128,128,128,100,3,4,1,1,2,8,3,64,199.584606
nema1,128,128,128,100,3,4,1,1,2,8,3,64,199.502304
nema1,128,128,128,100,3,4,1,1,2,8,3,64,199.852869
nema1,128,128,128,100,3,4,1,1,2,8,3,64,199.400426
nema1,128,128,128,100,3,4,1,1,2,8,3,64,199.465424
nema1,128,128,128,100,3,4,1,1,2,8,3,64,199.179025
nema1,128,128,128,100,3,4,1,1,2,8,3,64,199.687145
nema1,128,128,128,100,3,4,1,1,2,8,3,64,199.252978
nema1,128,128,128,100,3,4,1,1,2,8,3,64,200.241183
nema1,128,128,128,100,3,4,1,1,2,8,3,64,198.905385
nema1,128,128,128,100,3,4,1,1,2,8,3,64,199.534396
nema1,128,128,128,100,3,4,1,1,2,8,3,64,199.113702
nema1,128,128,128,100,3,4,1,1,2,8,3,64,199.351145
nema1,128,128,128,100,3,4,1,1,2,8,3,64,198.979085
nema1,128,128,128,100,3,4,1,1,2,8,3,64,199.109264
nema1,128,128,128,100,3,4,1,1,2,8,3,64,199.106683
nema1,128,128,128,100,3,4,1,1,2,8,3,64,200.117182
nema1,128,128,128,100,3,4,1,1,2,8,3,64,198.636906
nema1,128,128,128,100,3,4,1,1,2,8,3,64,199.362829
nema1,128,128,128,100,3,4,1,1,2,8,3,64,200.137276
nema1,128,128,128,100,3,4,1,1,2,8,3,64,199.655745
nema1,128,128,128,100,3,4,1,1,2,8,3,64,200.884202
nema1,128,128,128,100,3,4,1,1,2,8,3,64,199.609932
nema1,128,128,128,100,3,4,1,1,2,8,3,64,199.594306
nema1,128,128,128,100,3,4,1,1,2,8,3,64,201.233553
nema1,128,128,128,100,3,4,1,1,2,8,3,64,199.754646
nema1,128,128,128,100,3,4,1,1,2,8,3,64,199.808923
nema1,128,128,128,100,3,4,1,1,2,8,3,64,198.948822
nema1,128,128,128,100,3,4,1,1,2,8,3,64,199.114565
nema1,128,128,128,100,3,4,1,1,2,8,3,64,199.111704
nema1,128,128,128,100,3,4,1,1,2,8,3,64,199.540828
nema1,128,128,128,100,3,4,1,1,2,8,3,64,200.659334
nema1,128,128,128,100,3,4,1,1,2,8,3,64,199.430486
nema1,128,128,128,100,3,4,1,1,2,8,3,64,199.218613
nema1,128,128,128,100,3,4,1,1,2,8,3,64,200.341966
nema1,128,128,128,100,3,4,1,1,2,8,3,64,199.272698
nema1,128,128,128,100,3,4,1,1,2,8,3,64,200.569307
nema1,128,128,128,100,3,4,1,1,2,8,3,64,199.540134
nema1,128,128,128,100,3,4,1,1,2,8,3,64,199.183979
nema1,128,128,128,100,3,4,1,1,2,8,3,64,199.723949
nema1,128,128,128,100,3,4,1,1,2,8,3,64,199.760229
nema1,128,128,128,100,3,4,1,1,2,8,3,64,199.706983
nema1,128,128,128,100,3,4,1,1,2,8,3,64,200.123018
nema1,128,128,128,100,3,4,1,1,2,8,3,64,199.591424
nema1,128,128,128,100,3,4,1,1,2,8,3,64,199.732336
nema1,128,128,128,100,3,4,1,1,2,8,3,64,199.148722
nema1,128,128,128,100,3,4,1,1,2,8,3,64,199.638064
nema1,128,128,128,100,3,4,1,1,2,8,3,64,199.442061
nema1,128,128,128,100,3,4,1,1,2,8,3,64,199.432918
nema1,128,128,128,100,3,4,1,1,2,8,3,64,199.479662
nema1,128,128,128,100,3,4,1,1,2,8,3,64,199.870520
nema1,128,128,128,100,3,4,1,1,2,8,3,64,199.422862
nema1,128,128,128,100,3,4,1,1,2,8,3,64,198.747225
nema1,128,128,128,100,3,4,1,1,2,8,3,64,198.986775
nema1,128,128,128,100,3,4,1,1,2,8,3,64,199.810314
nema1,128,128,128,100,3,4,1,1,2,8,3,64,199.599167
nema1,128,128,128,100,3,4,1,1,2,8,3,64,199.481050
nema1,128,128,128,100,3,4,1,1,2,8,3,64,200.154609
nema1,128,128,128,100,3,4,1,1,2,8,3,64,199.817196
nema1,128,128,128,100,3,4,1,1,2,8,3,64,199.320741
nema1,128,128,128,100,3,4,1,1,2,8,3,64,199.546376
nema1,128,128,128,100,3,4,1,1,2,8,3,64,199.467595
nema1,128,128,128,100,3,4,1,1,2,8,3,64,199.500034
nema1,128,128,128,100,3,4,1,1,2,8,3,64,199.272644
nema1,128,128,128,100,3,4,1,1,2,8,3,64,200.164938
nema1,128,128,128,100,3,4,1,1,2,8,3,64,199.681573
nema1,128,128,128,100,3,4,1,1,2,8,3,64,199.386220
nema1,128,128,128,100,3,4,1,1,2,8,3,64,199.477308
nema1,128,128,128,100,3,4,1,1,2,8,3,64,199.421055
nema1,128,128,128,100,3,4,1,1,2,8,3,64,199.856699
nema1,128,128,128,100,3,4,1,1,2,8,3,64,199.852212
nema1,128,128,128,100,3,4,1,1,2,8,3,64,199.146225
nema1,128,128,128,100,3,4,1,1,2,8,3,64,200.536067
nema1,128,128,128,100,3,4,1,1,2,8,3,64,199.549887
nema1,128,128,128,100,3,4,1,1,2,8,3,64,199.542492
nema1,128,128,128,100,3,4,1,1,2,8,3,64,199.562389
nema1,128,128,128,100,3,4,1,1,2,8,3,64,199.393247
nema1,128,128,128,100,3,4,1,1,2,8,3,64,199.444433
nema1,128,128,128,100,3,4,1,1,2,8,3,64,199.872235
nema1,128,128,128,100,3,4,1,1,2,8,3,64,200.240039
nema1,128,128,128,100,3,4,1,1,2,8,3,64,199.457480
nema1,128,128,128,100,3,4,1,1,2,8,3,64,198.795495
nema1,128,128,128,100,3,4,1,1,2,8,3,64,198.622782
nema1,128,128,128,100,3,4,1,1,2,8,3,64,198.670993
nema1,128,128,128,100,3,4,1,1,2,8,3,64,199.597997
nema1,128,128,128,100,3,4,1,1,2,8,3,64,199.580948
nema1,128,128,128,100,3,4,1,1,2,8,3,64,200.388387
nema1,128,128,128,100,3,4,1,1,2,8,3,64,200.139460
nema1,128,128,128,100,3,4,1,1,2,8,3,64,199.540161
nema1,128,128,128,100,3,4,1,1,2,8,3,64,199.581624
nema1,128,128,128,100,3,4,1,1,2,8,3,64,199.634301
nema1,128,128,128,100,3,4,1,1,2,8,3,64,203.243940
nema1,128,128,128,100,3,4,1,1,2,8,3,64,202.163488
nema1,128,128,128,100,3,4,1,1,2,8,3,64,199.054810
nema1,128,128,128,100,3,4,1,1,2,8,3,64,200.874369
nema1,128,128,128,100,3,4,1,1,2,8,3,64,200.169483
nema1,128,128,128,100,3,4,1,1,2,8,3,64,199.437242
nema1,128,128,128,121,3,4,1,1,2,8,3,64,241.463529
nema1,128,128,128,121,3,4,1,1,2,8,3,64,240.510086
nema1,128,128,128,121,3,4,1,1,2,8,3,64,240.585134
nema1,128,128,128,121,3,4,1,1,2,8,3,64,239.450922
nema1,128,128,128,121,3,4,1,1,2,8,3,64,239.291876
nema1,128,128,128,121,3,4,1,1,2,8,3,64,239.623322
nema1,128,128,128,121,3,4,1,1,2,8,3,64,239.546172
nema1,128,128,128,121,3,4,1,1,2,8,3,64,239.427745
nema1,128,128,128,121,3,4,1,1,2,8,3,64,239.912329
nema1,128,128,128,121,3,4,1,1,2,8,3,64,239.822022
nema1,128,128,128,121,3,4,1,1,2,8,3,64,240.680119
nema1,128,128,128,121,3,4,1,1,2,8,3,64,240.230768
nema1,128,128,128,121,3,4,1,1,2,8,3,64,239.290448
nema1,128,128,128,121,3,4,1,1,2,8,3,64,239.730527
nema1,128,128,128,121,3,4,1,1,2,8,3,64,239.960561
nema1,128,128,128,121,3,4,1,1,2,8,3,64,240.381859
nema1,128,128,128,121,3,4,1,1,2,8,3,64,243.024162
nema1,128,128,128,121,3,4,1,1,2,8,3,64,243.606860
nema1,128,128,128,121,3,4,1,1,2,8,3,64,240.525389
nema1,128,128,128,121,3,4,1,1,2,8,3,64,239.690121
nema1,128,128,128,121,3,4,1,1,2,8,3,64,240.062010
nema1,128,128,128,121,3,4,1,1,2,8,3,64,239.838656
nema1,128,128,128,121,3,4,1,1,2,8,3,64,239.914931
nema1,128,128,128,121,3,4,1,1,2,8,3,64,239.641359
nema1,128,128,128,121,3,4,1,1,2,8,3,64,239.525266
nema1,128,128,128,121,3,4,1,1,2,8,3,64,240.157657
nema1,128,128,128,121,3,4,1,1,2,8,3,64,240.977010
nema1,128,128,128,121,3,4,1,1,2,8,3,64,239.579776
nema1,128,128,128,121,3,4,1,1,2,8,3,64,240.849748
nema1,128,128,128,121,3,4,1,1,2,8,3,64,240.399171
nema1,128,128,128,121,3,4,1,1,2,8,3,64,240.248944
nema1,128,128,128,121,3,4,1,1,2,8,3,64,239.735967
nema1,128,128,128,121,3,4,1,1,2,8,3,64,239.464337
nema1,128,128,128,121,3,4,1,1,2,8,3,64,239.661502
nema1,128,128,128,121,3,4,1,1,2,8,3,64,239.327301
nema1,128,128,128,121,3,4,1,1,2,8,3,64,238.934215
nema1,128,128,128,121,3,4,1,1,2,8,3,64,239.772493
nema1,128,128,128,121,3,4,1,1,2,8,3,64,239.021898
nema1,128,128,128,121,3,4,1,1,2,8,3,64,240.328472
nema1,128,128,128,121,3,4,1,1,2,8,3,64,238.754358
nema1,128,128,128,121,3,4,1,1,2,8,3,64,239.593346
nema1,128,128,128,121,3,4,1,1,2,8,3,64,239.541787
nema1,128,128,128,121,3,4,1,1,2,8,3,64,238.520368
nema1,128,128,128,121,3,4,1,1,2,8,3,64,238.842134
nema1,128,128,128,121,3,4,1,1,2,8,3,64,238.081950
nema1,128,128,128,121,3,4,1,1,2,8,3,64,238.284710
nema1,128,128,128,121,3,4,1,1,2,8,3,64,240.182545
nema1,128,128,128,121,3,4,1,1,2,8,3,64,239.356413
nema1,128,128,128,121,3,4,1,1,2,8,3,64,238.573850
nema1,128,128,128,121,3,4,1,1,2,8,3,64,239.053879
nema1,128,128,128,121,3,4,1,1,2,8,3,64,238.173480
nema1,128,128,128,121,3,4,1,1,2,8,3,64,238.149270
nema1,128,128,128,121,3,4,1,1,2,8,3,64,237.889679
nema1,128,128,128,121,3,4,1,1,2,8,3,64,238.463964
nema1,128,128,128,121,3,4,1,1,2,8,3,64,238.421293
nema1,128,128,128,121,3,4,1,1,2,8,3,64,239.316318
nema1,128,128,128,121,3,4,1,1,2,8,3,64,244.123427
nema1,128,128,128,121,3,4,1,1,2,8,3,64,239.776239
nema1,128,128,128,121,3,4,1,1,2,8,3,64,239.040849
nema1,128,128,128,121,3,4,1,1,2,8,3,64,238.507037
nema1,128,128,128,121,3,4,1,1,2,8,3,64,238.412902
nema1,128,128,128,121,3,4,1,1,2,8,3,64,237.748308
nema1,128,128,128,121,3,4,1,1,2,8,3,64,238.048761
nema1,128,128,128,121,3,4,1,1,2,8,3,64,238.588170
nema1,128,128,128,121,3,4,1,1,2,8,3,64,238.026821
nema1,128,128,128,121,3,4,1,1,2,8,3,64,238.631480
nema1,128,128,128,121,3,4,1,1,2,8,3,64,239.072449
nema1,128,128,128,121,3,4,1,1,2,8,3,64,238.300800
nema1,128,128,128,121,3,4,1,1,2,8,3,64,238.384802
nema1,128,128,128,121,3,4,1,1,2,8,3,64,243.230289
nema1,128,128,128,121,3,4,1,1,2,8,3,64,244.083461
nema1,128,128,128,121,3,4,1,1,2,8,3,64,239.796207
nema1,128,128,128,121,3,4,1,1,2,8,3,64,238.685857
nema1,128,128,128,121,3,4,1,1,2,8,3,64,238.151768
nema1,128,128,128,121,3,4,1,1,2,8,3,64,239.228124
nema1,128,128,128,121,3,4,1,1,2,8,3,64,238.278645
nema1,128,128,128,121,3,4,1,1,2,8,3,64,238.665124
nema1,128,128,128,121,3,4,1,1,2,8,3,64,238.232776
nema1,128,128,128,121,3,4,1,1,2,8,3,64,238.963644
nema1,128,128,128,121,3,4,1,1,2,8,3,64,238.624867
nema1,128,128,128,121,3,4,1,1,2,8,3,64,239.486524
nema1,128,128,128,121,3,4,1,1,2,8,3,64,237.372752
nema1,128,128,128,121,3,4,1,1,2,8,3,64,239.067125
nema1,128,128,128,121,3,4,1,1,2,8,3,64,238.967422
nema1,128,128,128,121,3,4,1,1,2,8,3,64,242.378074
nema1,128,128,128,121,3,4,1,1,2,8,3,64,242.429719
nema1,128,128,128,121,3,4,1,1,2,8,3,64,239.432333
nema1,128,128,128,121,3,4,1,1,2,8,3,64,238.289281
nema1,128,128,128,121,3,4,1,1,2,8,3,64,238.293956
nema1,128,128,128,121,3,4,1,1,2,8,3,64,239.088036
nema1,128,128,128,121,3,4,1,1,2,8,3,64,239.190630
nema1,128,128,128,121,3,4,1,1,2,8,3,64,238.745565
nema1,128,128,128,121,3,4,1,1,2,8,3,64,239.117638
nema1,128,128,128,121,3,4,1,1,2,8,3,64,238.156266
nema1,128,128,128,121,3,4,1,1,2,8,3,64,238.803386
nema1,128,128,128,121,3,4,1,1,2,8,3,64,238.982683
nema1,128,128,128,121,3,4,1,1,2,8,3,64,239.368874
nema1,128,128,128,121,3,4,1,1,2,8,3,64,238.203209
nema1,128,128,128,121,3,4,1,1,2,8,3,64,238.962290
nema1,128,128,128,121,3,4,1,1,2,8,3,64,239.479830
nema1,128,128,128,144,3,4,1,1,2,8,3,64,283.059888
nema1,128,128,128,144,3,4,1,1,2,8,3,64,282.678089
nema1,128,128,128,144,3,4,1,1,2,8,3,64,282.763083
nema1,128,128,128,144,3,4,1,1,2,8,3,64,285.054136
nema1,128,128,128,144,3,4,1,1,2,8,3,64,284.258520
nema1,128,128,128,144,3,4,1,1,2,8,3,64,283.460618
nema1,128,128,128,144,3,4,1,1,2,8,3,64,283.445205
nema1,128,128,128,144,3,4,1,1,2,8,3,64,283.640974
nema1,128,128,128,144,3,4,1,1,2,8,3,64,283.330654
nema1,128,128,128,144,3,4,1,1,2,8,3,64,283.668985
nema1,128,128,128,144,3,4,1,1,2,8,3,64,283.703236
nema1,128,128,128,144,3,4,1,1,2,8,3,64,283.835499
nema1,128,128,128,144,3,4,1,1,2,8,3,64,284.962869
nema1,128,128,128,144,3,4,1,1,2,8,3,64,283.393540
nema1,128,128,128,144,3,4,1,1,2,8,3,64,283.303891
nema1,128,128,128,144,3,4,1,1,2,8,3,64,283.213060
nema1,128,128,128,144,3,4,1,1,2,8,3,64,283.246716
nema1,128,128,128,144,3,4,1,1,2,8,3,64,285.245550
nema1,128,128,128,144,3,4,1,1,2,8,3,64,283.334531
nema1,128,128,128,144,3,4,1,1,2,8,3,64,283.345494
nema1,128,128,128,144,3,4,1,1,2,8,3,64,284.655781
nema1,128,128,128,144,3,4,1,1,2,8,3,64,283.738862
nema1,128,128,128,144,3,4,1,1,2,8,3,64,283.323585
nema1,128,128,128,144,3,4,1,1,2,8,3,64,283.932170
nema1,128,128,128,144,3,4,1,1,2,8,3,64,283.550907
nema1,128,128,128,144,3,4,1,1,2,8,3,64,283.160691
nema1,128,128,128,144,3,4,1,1,2,8,3,64,283.708985
nema1,128,128,128,144,3,4,1,1,2,8,3,64,284.101663
nema1,128,128,128,144,3,4,1,1,2,8,3,64,284.093667
nema1,128,128,128,144,3,4,1,1,2,8,3,64,284.512595
nema1,128,128,128,144,3,4,1,1,2,8,3,64,283.836395
nema1,128,128,128,144,3,4,1,1,2,8,3,64,287.959258
nema1,128,128,128,144,3,4,1,1,2,8,3,64,288.479655
nema1,128,128,128,144,3,4,1,1,2,8,3,64,284.388596
nema1,128,128,128,144,3,4,1,1,2,8,3,64,285.606998
nema1,128,128,128,144,3,4,1,1,2,8,3,64,284.216957
nema1,128,128,128,144,3,4,1,1,2,8,3,64,283.769976
nema1,128,128,128,144,3,4,1,1,2,8,3,64,283.860718
nema1,128,128,128,144,3,4,1,1,2,8,3,64,283.972475
nema1,128,128,128,144,3,4,1,1,2,8,3,64,283.868889
nema1,128,128,128,144,3,4,1,1,2,8,3,64,283.436050
nema1,128,128,128,144,3,4,1,1,2,8,3,64,283.611820
nema1,128,128,128,144,3,4,1,1,2,8,3,64,284.079128
nema1,128,128,128,144,3,4,1,1,2,8,3,64,284.792674
nema1,128,128,128,144,3,4,1,1,2,8,3,64,284.172327
nema1,128,128,128,144,3,4,1,1,2,8,3,64,284.213687
nema1,128,128,128,144,3,4,1,1,2,8,3,64,283.737184
nema1,128,128,128,144,3,4,1,1,2,8,3,64,283.522550
nema1,128,128,128,144,3,4,1,1,2,8,3,64,283.367508
nema1,128,128,128,144,3,4,1,1,2,8,3,64,284.234688
nema1,128,128,128,144,3,4,1,1,2,8,3,64,283.251460
nema1,128,128,128,144,3,4,1,1,2,8,3,64,284.481721
nema1,128,128,128,144,3,4,1,1,2,8,3,64,283.364610
nema1,128,128,128,144,3,4,1,1,2,8,3,64,288.142053
nema1,128,128,128,144,3,4,1,1,2,8,3,64,287.128896
nema1,128,128,128,144,3,4,1,1,2,8,3,64,283.639651
nema1,128,128,128,144,3,4,1,1,2,8,3,64,282.854292
nema1,128,128,128,144,3,4,1,1,2,8,3,64,282.618324
nema1,128,128,128,144,3,4,1,1,2,8,3,64,283.242936
nema1,128,128,128,144,3,4,1,1,2,8,3,64,282.422280
nema1,128,128,128,144,3,4,1,1,2,8,3,64,282.873160
nema1,128,128,128,144,3,4,1,1,2,8,3,64,283.493560
nema1,128,128,128,144,3,4,1,1,2,8,3,64,282.523846
nema1,128,128,128,144,3,4,1,1,2,8,3,64,282.267509
nema1,128,128,128,144,3,4,1,1,2,8,3,64,282.691677
nema1,128,128,128,144,3,4,1,1,2,8,3,64,282.707586
nema1,128,128,128,144,3,4,1,1,2,8,3,64,283.094366
nema1,128,128,128,144,3,4,1,1,2,8,3,64,283.183802
nema1,128,128,128,144,3,4,1,1,2,8,3,64,283.110528
nema1,128,128,128,144,3,4,1,1,2,8,3,64,283.851166
nema1,128,128,128,144,3,4,1,1,2,8,3,64,283.401247
nema1,128,128,128,144,3,4,1,1,2,8,3,64,283.347745
nema1,128,128,128,144,3,4,1,1,2,8,3,64,282.368604
nema1,128,128,128,144,3,4,1,1,2,8,3,64,282.933438
nema1,128,128,128,144,3,4,1,1,2,8,3,64,283.129234
nema1,128,128,128,144,3,4,1,1,2,8,3,64,284.718408
nema1,128,128,128,144,3,4,1,1,2,8,3,64,283.627973
nema1,128,128,128,144,3,4,1,1,2,8,3,64,284.552609
nema1,128,128,128,144,3,4,1,1,2,8,3,64,283.505548
nema1,128,128,128,144,3,4,1,1,2,8,3,64,283.093379
nema1,128,128,128,144,3,4,1,1,2,8,3,64,284.057866
nema1,128,128,128,144,3,4,1,1,2,8,3,64,284.520862
nema1,128,128,128,144,3,4,1,1,2,8,3,64,284.352192
nema1,128,128,128,144,3,4,1,1,2,8,3,64,283.798868
nema1,128,128,128,144,3,4,1,1,2,8,3,64,285.422157
nema1,128,128,128,144,3,4,1,1,2,8,3,64,284.143052
nema1,128,128,128,144,3,4,1,1,2,8,3,64,285.067553
nema1,128,128,128,144,3,4,1,1,2,8,3,64,284.684535
nema1,128,128,128,144,3,4,1,1,2,8,3,64,284.325236
nema1,128,128,128,144,3,4,1,1,2,8,3,64,284.223796
nema1,128,128,128,144,3,4,1,1,2,8,3,64,284.738412
nema1,128,128,128,144,3,4,1,1,2,8,3,64,285.136571
nema1,128,128,128,144,3,4,1,1,2,8,3,64,285.012697
nema1,128,128,128,144,3,4,1,1,2,8,3,64,284.622491
nema1,128,128,128,144,3,4,1,1,2,8,3,64,285.328935
nema1,128,128,128,144,3,4,1,1,2,8,3,64,283.872623
nema1,128,128,128,144,3,4,1,1,2,8,3,64,283.642093
nema1,128,128,128,144,3,4,1,1,2,8,3,64,284.490480
nema1,128,128,128,144,3,4,1,1,2,8,3,64,283.706521
nema1,128,128,128,144,3,4,1,1,2,8,3,64,284.598874
